##################################################;;;;;;;;;;;;;;x,,,,,,,,
# DvD Custom Localization;;;;;;;;;;;;;;x,,,,,,,,
##################################################;;;;;;;;;;;;;;x,,,,,,,,
##### Poland and Russian Rework Country Localization#####;;;;;;;;;;;;;;x,,,,,,,,
;;;;;;;;;;;;;x,,,,,,,,
PLC;Polish-Lithuanian Commonwealth;;;;;;;;;;;;;x,,,,,,,,
PLC_ADJ;Polish-Lithuanian;;;;;;;;;;;;;x,,,,,,,,
PLC_proletarian_dictatorship;The People's Commonwealth;;;;;;;;;;;;;x,,,,,,,,
PLC_socialist_republic;The People's Commonwealth;;;;;;;;;;;;;x,,,,,,,,
PLC_fascist_dictatorship;The Intermarium;;;;;;;;;;;;;x,,,,,,,,
PLC_fascist_dictatorship_ADJ;Intermarine;;;;;;;;;;;;;x,,,,,,,,
PLC_fascist_monarchy;The Most Serene Commonwealth;;;;;;;;;;;;;x,,,,,,,,
;;;;;;;;;;;;;x,,,,,,,,
BLR;Polotsk;;;;;;;;;;;;;x,,,,,,,,
BLR_ADJ;Polotskian;;;;;;;;;;;;;x,,,,,,,,
BLR_absolute_monarchy;White Ruthenia;;;;;;;;;;;;;x,,,,,,,,
BLR_absolute_monarchy_ADJ;Belarusian;;;;;;;;;;;;;x,,,,,,,,
BLR_prussian_constitutionalism;White Ruthenia;;;;;;;;;;;;;x,,,,,,,,
BLR_prussian_constitutionalism_ADJ;Belarusian;;;;;;;;;;;;;x,,,,,,,,
BLR_hms_government;White Ruthenia;;;;;;;;;;;;;x,,,,,,,,
BLR_hms_government_ADJ;Belarusian;;;;;;;;;;;;;x,,,,,,,,
BLR_democracy;Belarusian Republic;;;;;;;;;;;;;x,,,,,,,,
BLR_democracy_ADJ;Belarus;;;;;;;;;;;;;x,,,,,,,,
BLR_parliamentary_republic;Belarusian Republic;;;;;;;;;;;;;x,,,,,,,,
BLR_parliamentary_republic_ADJ;Belarusian;;;;;;;;;;;;;x,,,,,,,,
BLR_presidential_dictatorship;Polotsk Principality;;;;;;;;;;;;;x,,,,,,,, 
BLR_proletarian_dictatorship;Belarusian People's Republic;;;;;;;;;;;;;x,,,,,,,,
BLR_proletarian_dictatorship_ADJ;Belarusian;;;;;;;;;;;;;x,,,,,,,,
BLR_socialist_republic;Belarusian People's Republic;;;;;;;;;;;;;x,,,,,,,,
BLR_socialist_republic_ADJ;Belarusian;;;;;;;;;;;;;x,,,,,,,,
BLR_fascist_dictatorship;Belarusian State;;;;;;;;;;;;;x,,,,,,,,
BLR_fascist_dictatorship_ADJ;Belarusian;;;;;;;;;;;;;x,,,,,,,,
BLR_fascist_monarchy;The White Rus;;;;;;;;;;;;;x,,,,,,,,
BLR_fascist_monarchy_ADJ;Belarusian;;;;;;;;;;;;;x,,,,,,,,
;;;;;;;;;;;;;x,,,,,,,,
UKR;Ukraine;;;;;;;;;;;;;x,,,,,,,,
UKR_ADJ;Ukrainian;;;;;;;;;;;;;x,,,,,,,,
UKR_absolute_monarchy;The Hetmanate;;;;;;;;;;;;;x,,,,,,,,
UKR_prussian_constitutionalism;The Hetmanate;;;;;;;;;;;;;x,,,,,,,,
UKR_hms_government;The Hetmanate;;;;;;;;;;;;;x,,,,,,,,
UKR_presidential_dictatorship;Cossackia;;;;;;;;;;;;;x,,,,,,,, 
UKR_presidential_dictatorship_ADJ;Cossack;;;;;;;;;;;;;x,,,,,,,, 
UKR_proletarian_dictatorship;Free Territory of Ukraine;;;;;;;;;;;;;x,,,,,,,,
UKR_fascist_dictatorship;The Cossack Freehold;;;;;;;;;;;;;x,,,,,,,,
UKR_fascist_dictatorship_ADJ;Cossack;;;;;;;;;;;;;x,,,,,,,,
;;;;;;;;;;;;;x,,,,,,,,
KIE;Kiev;;;;;;;;;;;;;x,,,,,,,,
KIE_ADJ;Kievan;;;;;;;;;;;;;x,,,,,,,,
KIE_democracy;The Kievan Council;;;;;;;;;;;;;x,,,,,,,,
KIE_parliamentary_republic;The Kievan Council;;;;;;;;;;;;;x,,,,,,,,
KIE_proletarian_dictatorship;The Transdniprian Republic;;;;;;;;;;;;;x,,,,,,,,
KIE_proletarian_dictatorship_ADJ;Transdniprian;;;;;;;;;;;;;x,,,,,,,,
KIE_fascist_dictatorship;The Kievan Rus;;;;;;;;;;;;;x,,,,,,,,
;;;;;;;;;;;;;x,,,,,,,,
RUT;Ruthenia;;;;;;;;;;;;;x,,,,,,,,
RUT_ADJ;Ruthenian;;;;;;;;;;;;;x,,,,,,,,
RUT_democracy;The Ruthenian Federation;;;;;;;;;;;;;x,,,,,,,,
RUT_parliamentary_republic;The Ruthenian Federation;;;;;;;;;;;;;x,,,,,,,,
RUT_presidential_dictatorship;The Ruthenian Republic;;;;;;;;;;;;;x,,,,,,,, 
RUT_proletarian_dictatorship;Ruthenian People's Republic;;;;;;;;;;;;;x,,,,,,,,
RUT_socialist_republic;Ruthenian People's Republic;;;;;;;;;;;;;x,,,,,,,,
RUT_fascist_dictatorship;The Great Rus';;;;;;;;;;;;;x,,,,,,,,
;;;;;;;;;;;;;x,,,,,,,,
### Tatar Tags;;;;;;;;;;;;;x,,,,,,,,
CRI;Crimea;;;;;;;;;;;;;x,,,,,,,,
CRI_ADJ;Crimean;;;;;;;;;;;;;x,,,,,,,,
CRI_absolute_monarchy;The Crimean Khanate;;;;;;;;;;;;;x,,,,,,,,
CRI_prussian_constitutionalism;The Crimean Khanate;;;;;;;;;;;;;;x,,,,,,,,
CRI_hms_government;The Crimean Khanate;;;;;;;;;;;;;x,,,,,,,,
CRI_proletarian_dictatorship;Crimean People's Republic;;;;;;;;;;;;;x,,,,,,,,
CRI_socialist_republic;Crimean People's Republic;;;;;;;;;;;;;x,,,,,,,,
CRI_fascist_dictatorship;Cumania;;;;;;;;;;;;;x,,,,,,,,
CRI_fascist_dictatorship_ADJ;Cuman;;;;;;;;;;;;;x,,,,,,,,
CRI_khanate;The Crimean Khanate;;;;;;;;;;;;;x,,,,,,,,
;;;;;;;;;;;;;x,,,,,,,,
KZN;Kazan;;;;;;;;;;;;;x,,,,,,,,
KZN_ADJ;Kazani;;;;;;;;;;;;;x,,,,,,,,
KZN_absolute_monarchy;The Kazan Khanate;;;;;;;;;;;;;x,,,,,,,,
KZN_prussian_constitutionalism;The Kazan Khanate;;;;;;;;;;;;;x,,,,,,,,
KZN_hms_government;The Kazan Khanate;;;;;;;;;;;;;x,,,,,,,,
KZN_democracy;Bolgharia;;;;;;;;;;;;;x,,,,,,,,
KAZ_democracy_ADJ;Bolghar;;;;;;;;;;;;;x,,,,,,,,
KZN_proletarian_dictatorship;Bolghar People's Republic;;;;;;;;;;;;;x,,,,,,,,
KZN_proletarian_dictatorship_ADJ;Bolghar;;;;;;;;;;;;;x,,,,,,,,
KZN_fascist_dictatorship;Great Bolgharia;;;;;;;;;;;;;x,,,,,,,,
KZN_fascist_dictatorship_ADJ;Bolghar;;;;;;;;;;;;;x,,,,,,,,
KZN_fascist_monarchy;The Bolghar Khanate;;;;;;;;;;;;;x,,,,,,,,
KZN_fascist_monarchy_ADJ;Bolghar;;;;;;;;;;;;;x,,,,,,,,
KZN_khanate;The Kazan Khanate;;;;;;;;;;;;;x,,,,,,,,
;;;;;;;;;;;;;x,,,,,,,,
BSK;Bashkiria;;;;;;;;;;;;;x,,,,,,,,
BSK_ADJ;Bashkir;;;;;;;;;;;;;x,,,,,,,,
BSK_absolute_monarchy;The Bashkir Khanate;;;;;;;;;;;;;x,,,,,,,,
BSK_prussian_constitutionalism;The Bashkir Khanate;;;;;;;;;;;;;x,,,,,,,,
BSK_hms_government;The Bashkir Khanate;;;;;;;;;;;;;x,,,,,,,,
BSK_democracy;Bashkortostan;;;;;;;;;;;;;x,,,,,,,,
BSK_parliamentary_republic;Bashkortostan;;;;;;;;;;;;;x,,,,,,,,
BSK_proletarian_dictatorship;Bashkir People's Republic;;;;;;;;;;;;;x,,,,,,,,
BSK_socialist_republic;Bashkir People's Republic;;;;;;;;;;;;;x,,,,,,,,
BSK_fascist_dictatorship;Badzhgard;;;;;;;;;;;;;x,,,,,,,,
BSK_fascist_monarchy;The Badzhgard Khanate;;;;;;;;;;;;;x,,,,,,,,
BSK_khanate;The Bashkir Khanate;;;;;;;;;;;;;x,,,,,,,,
;;;;;;;;;;;;;x,,,,,,,,
TAR;Tatarstan;;;;;;;;;;;;;x,,,,,,,,
TAR_ADJ;Tatar;;;;;;;;;;;;;x,,,,,,,,
TAR_absolute_monarchy;The Tatar Empire;;;;;;;;;;;;;x,,,,,,,,
TAR_prussian_constitutionalism;The Tatar Empire;;;;;;;;;;;;;x,,,,,,,,
TAR_hms_government;The Tatar Empire;;;;;;;;;;;;;x,,,,,,,,
TAR_democracy;The Tatarstan Republic;;;;;;;;;;;;;x,,,,,,,,
TAR_parliamentary_republic;The Tatarstan Republic;;;;;;;;;;;;;x,,,,,,,,
TAR_proletarian_dictatorship;The Idel-Ural Free Union;;;;;;;;;;;;;x,,,,,,,,
TAR_socialist_republic;The Idel-Ural Union;;;;;;;;;;;;;x,,,,,,,,
TAR_fascist_dictatorship;Great Tatary;;;;;;;;;;;;;x,,,,,,,,
TAR_fascist_monarchy;The Tatar Khaganate;;;;;;;;;;;;;x,,,,,,,,
TAR_khanate;The Tatar Khanate;;;;;;;;;;;;;x,,,,,,,,
;;;;;;;;;;;;;x,,,,,,,,
SIB;Sibir;;;;;;;;;;;;;x,,,,,,,,
SIB_ADJ;Siberian;;;;;;;;;;;;;x,,,,,,,,
SIB_absolute_monarchy;The Sibir Khanate;;;;;;;;;;;;;x,,,,,,,,
SIB_prussian_constitutionalism;The Sibir Khanate;;;;;;;;;;;;;x,,,,,,,,
SIB_hms_government;The Sibir Khanate;;;;;;;;;;;;;x,,,,,,,,
SIB_democracy;The Siberian Republic;;;;;;;;;;;;;x,,,,,,,,
SIB_parliamentary_republic;The Siberian Republic;;;;;;;;;;;;;x,,,,,,,,
SIB_presidential_dictatorship;The Siberian State;;;;;;;;;;;;;x,,,,,,,, 
SIB_proletarian_dictatorship;Siberian People's Republic;;;;;;;;;;;;;x,,,,,,,,
SIB_socialist_republic;Siberian People's Republic;;;;;;;;;;;;;x,,,,,,,,
SIB_fascist_dictatorship;Neo-Kuchumid Khanate;;;;;;;;;;;;;x,,,,,,,,
SIB_fascist_monarchy;The Sibir Khanate;;;;;;;;;;;;;x,,,,,,,,
SIB_khanate;The Sibir Khanate;;;;;;;;;;;;;x,,,,,,,,
;;;;;;;;;;;;;x,,,,,,,,
### Russian Tags;;;;;;;;;;;;;x,,,,,,,,
ZAZ;Zaporozhia;;;;;;;;;;;;;x,,,,,,,,
ZAZ_ADJ;Zaporozhian;;;;;;;;;;;;;x,,,,,,,,
ZAZ_absolute_monarchy;Zaporozhian Sich;;;;;;;;;;;;;x,,,,,,,,
ZAZ_prussian_constitutionalism;Zaporozhian Sich;;;;;;;;;;;;;x,,,,,,,,
ZAZ_hms_government;Zaporozhian Sich;;;;;;;;;;;;;x,,,,,,,,
ZAZ_democracy;Zaporozhian Host;;;;;;;;;;;;;x,,,,,,,,
ZAZ_proletarian_dictatorship;Zadneprovian Republic;;;;;;;;;;;;;x,,,,,,,,
ZAZ_proletarian_dictatorship_ADJ;Zadneprovian;;;;;;;;;;;;;x,,,,,,,,
ZAZ_fascist_dictatorship;Zaporozhian Hetmanate;;;;;;;;;;;;;x,,,,,,,,
ZAZ_autonomous_dependency;Zaporoze Voivodeship;;;;;;;;;;;;;x,,,,,,,,
;;;;;;;;;;;;;x,,,,,,,,
KHK;Kharkov;;;;;;;;;;;;;x,,,,,,,,
KHK_ADJ;Kharkovite;;;;;;;;;;;;;x,,,,,,,,
KHK_absolute_monarchy;Sloboda Ukraine Sich;;;;;;;;;;;;;x,,,,,,,,
KHK_absolute_monarchy_ADJ;Slobozhan;;;;;;;;;;;;;x,,,,,,,,
KHK_prussian_constitutionalism;Sloboda Ukraine Sich;;;;;;;;;;;;;x,,,,,,,,
KHK_prussian_constitutionalism_ADJ;Slobozhan;;;;;;;;;;;;;x,,,,,,,,
KHK_hms_government;Sloboda Ukraine Sich;;;;;;;;;;;;;x,,,,,,,,
KHK_hms_government_ADJ;Slobozhan;;;;;;;;;;;;;x,,,,,,,,
KHK_democracy;Sloboda Ukraine Host;;;;;;;;;;;;;x,,,,,,,,
KHK_democracy_ADJ;Slobozhan;;;;;;;;;;;;;x,,,,,,,,
KHK_proletarian_dictatorship;Slobozhanshchina Republic;;;;;;;;;;;;;x,,,,,,,,
KHK_proletarian_dictatorship_ADJ;Slobozhan;;;;;;;;;;;;;x,,,,,,,,
KHK_fascist_dictatorship;Sloboda Ukraine Hetmanate;;;;;;;;;;;;;x,,,,,,,,
KHK_fascist_dictatorship_ADJ;Slobozhan;;;;;;;;;;;;;x,,,,,,,,
KHK_autonomous_dependency;Charków Voivodeship;;;;;;;;;;;;;x,,,,,,,,
;;;;;;;;;;;;;x,,,,,,,,
DON;Donetsia;;;;;;;;;;;;;x,,,,,,,,
DON_ADJ;Donetsian;;;;;;;;;;;;;x,,,,,,,,
DON_absolute_monarchy;The Donetsian Sich;;;;;;;;;;;;;x,,,,,,,,
DON_prussian_constitutionalism;The Donetsian Sich;;;;;;;;;;;;;x,,,,,,,,
DON_hms_government;The Donetsian Sich;;;;;;;;;;;;;x,,,,,,,,
DON_democracy;The Donetsian Host;;;;;;;;;;;;;x,,,,,,,,
DON_proletarian_dictatorship;The Donetchina Republic;;;;;;;;;;;;;x,,,,,,,,
DON_fascist_dictatorship;The Donetsian Hetmanate;;;;;;;;;;;;;x,,,,,,,,
DON_autonomous_dependency;Doniec Voivodeship;;;;;;;;;;;;;x,,,,,,,,
;;;;;;;;;;;;;x,,,,,,,,
VOR;Voronezh;;;;;;;;;;;;;x,,,,,,,,
VOR_ADJ;Donian;;;;;;;;;;;;;x,,,,,,,,
VOR_absolute_monarchy;The Don Sich;;;;;;;;;;;;;x,,,,,,,,
VOR_prussian_constitutionalism;The Don Sich;;;;;;;;;;;;;x,,,,,,,,
VOR_hms_government;The Don Sich;;;;;;;;;;;;;x,,,,,,,,
VOR_democracy;The Don Host;;;;;;;;;;;;;x,,,,,,,,
VOR_proletarian_dictatorship;The Chernozem Republic;;;;;;;;;;;;;x,,,,,,,,
VOR_proletarian_dictatorship_ADJ;Chernozemic;;;;;;;;;;;;;x,,,,,,,,
VOR_fascist_dictatorship;The Don Hetmanate;;;;;;;;;;;;;x,,,,,,,,
VOR_autonomous_dependency;Donscy Voivodeship;;;;;;;;;;;;;x,,,,,,,,
;;;;;;;;;;;;;x,,,,,,,,
AKT;Saraj the Great;;;;;;;;;;;;;x,,,,,,,,
AKT_ADJ;Volgan;;;;;;;;;;;;;x,,,,,,,,
AKT_absolute_monarchy;The Akhtuba Sich;;;;;;;;;;;;;x,,,,,,,,
AKT_prussian_constitutionalism;The Akhtuba Sich;;;;;;;;;;;;;x,,,,,,,,
AKT_hms_government;The Akhtuba Sich;;;;;;;;;;;;;x,,,,,,,,
AKT_democracy;The Akhtuba Host;;;;;;;;;;;;;x,,,,,,,,
AKT_proletarian_dictatorship;The Zavolzhie Republic;;;;;;;;;;;;;x,,,,,,,,
AKT_proletarian_dictatorship_ADJ;Transvolgan;;;;;;;;;;;;;x,,,,,,,,
AKT_fascist_dictatorship;The Akhtuba Hetmanate;;;;;;;;;;;;;x,,,,,,,,
AKT_autonomous_dependency;Akhtuba Protectorate;;;;;;;;;;;;;x,,,,,,,,
;;;;;;;;;;;;;x,,,,,,,,
TVE;Yaroslavl;;;;;;;;;;;;;x,,,,,,,,
TVE_ADJ;Yaroslavlian;;;;;;;;;;;;;x,,,,,,,,
TVE_democracy;The High Volga Council;;;;;;;;;;;;;x,,,,,,,,
TVE_democracy_ADJ;Povolzhian;;;;;;;;;;;;;x,,,,,,,,
TVE_proletarian_dictatorship;The Yaroslavl Soviet;;;;;;;;;;;;;x,,,,,,,,
TVE_fascist_dictatorship;Mladorossia;;;;;;;;;;;;;x,,,,,,,,
TVE_fascist_dictatorship_ADJ;Mladorossian;;;;;;;;;;;;;x,,,,,,,,
TVE_fascist_monarchy;The Belsky Domain;;;;;;;;;;;;;x,,,,,,,,
;;;;;;;;;;;;;x,,,,,,,,
MUS;Muscovy;;;;;;;;;;;;;x,,,,,,,,
MUS_ADJ;Muscovite;;;;;;;;;;;;;x,,,,,,,,
MUS_democracy;The Saint George League;;;;;;;;;;;;;x,,,,,,,,
MUS_democracy_ADJ;Georgine;;;;;;;;;;;;;x,,,,,,,,
MUS_proletarian_dictatorship;The Moscow Soviet;;;;;;;;;;;;;x,,,,,,,,
MUS_fascist_dictatorship;Cherniokhrana;;;;;;;;;;;;;x,,,,,,,,
MUS_fascist_dictatorship_ADJ;Okhranic;;;;;;;;;;;;;x,,,,,,,,
MUS_fascist_monarchy;The Lyapunov Domain;;;;;;;;;;;;;x,,,,,,,,
MUS_theocracy;The Moscow Patriarchate;;;;;;;;;;;;;x,,,,,,,,
;;;;;;;;;;;;;x,,,,,,,,
NZH;Nizhny Novgorod;;;;;;;;;;;;;x,,,,,,,,
NZH_ADJ;Nizhegorodian;;;;;;;;;;;;;x,,,,,,,,
NZH_proletarian_dictatorship;The Kashirinsk Soviet;;;;;;;;;;;;;x,,,,,,,,
NZH_proletarian_dictatorship_ADJ;Kashirinskian;;;;;;;;;;;;;x,,,,,,,,
NZH_socialist_republic;Kashirinsk;;;;;;;;;;;;;x,,,,,,,,
NZH_socialist_republic_ADJ;Kashirinskian;;;;;;;;;;;;;x,,,,,,,,
NZH_fascist_dictatorship;The Rassvetny;;;;;;;;;;;;;x,,,,,,,,
NZH_fascist_dictatorship_ADJ;Rassvetny;;;;;;;;;;;;;x,,,,,,,,
;;;;;;;;;;;;;x,,,,,,,,
RYA;Ryazan;;;;;;;;;;;;;x,,,,,,,,
RYA_ADJ;Ryazanian;;;;;;;;;;;;;x,,,,,,,,
RYA_democracy;The Vyatichi Republic;;;;;;;;;;;;;x,,,,,,,,
RYA_democracy_ADJ;Vyatich;;;;;;;;;;;;;x,,,,,,,,
RYA_proletarian_dictatorship;The Ryazan Soviet;;;;;;;;;;;;;x,,,,,,,,
RYA_fascist_dictatorship;Voskreshiy;;;;;;;;;;;;;x,,,,,,,,
RYA_fascist_dictatorship_ADJ;Voskreshiy;;;;;;;;;;;;;x,,,,,,,,
RYA_fascist_monarchy;The Repnin Domain;;;;;;;;;;;;;x,,,,,,,,
;;;;;;;;;;;;;x,,,,,,,,
SML;Smolensk;;;;;;;;;;;;;x,,,,,,,,
SML_ADJ;Smolenskan;;;;;;;;;;;;;x,,,,,,,,
SML_democracy;Smolensk Confederation;;;;;;;;;;;;;x,,,,,,,,
SML_presidential_dictatorship;The Smolensk Republic;;;;;;;;;;;;;x,,,,,,,, 
SML_proletarian_dictatorship;The Smolensk Soviet;;;;;;;;;;;;;x,,,,,,,,
SML_fascist_dictatorship;High Dnieper Authority;;;;;;;;;;;;;x,,,,,,,,
SML_fascist_dictatorship_ADJ;Dniprian;;;;;;;;;;;;;x,,,,,,,,
;;;;;;;;;;;;;x,,,,,,,,
MSC;Muscovy;;;;;;;;;;;;;x,,,,,,,,
MSC_ADJ;Moscovian;;;;;;;;;;;;;x,,,,,,,,
MSC_absolute_monarchy;The Tsardom of Rus;;;;;;;;;;;;;x,,,,,,,,
MSC_absolute_monarchy_ADJ;Russian;;;;;;;;;;;;;x,,,,,,,,
MSC_prussian_constitutionalism;The Tsardom of Rus;;;;;;;;;;;;;x,,,,,,,,
MSC_prussian_constitutionalism_ADJ;Russian;;;;;;;;;;;;;x,,,,,,,,
MSC_hms_government;The Tsardom of Rus;;;;;;;;;;;;;x,,,,,,,,
MSC_hms_government_ADJ;Russian;;;;;;;;;;;;;x,,,,,,,,
MSC_democracy;The Russian Union;;;;;;;;;;;;;x,,,,,,,,
MSC_democracy_ADJ;Russian;;;;;;;;;;;;;x,,,,,,,,
MSC_parliamentary_republic;The Russian Union;;;;;;;;;;;;;x,,,,,,,,
MSC_parliamentary_republic_ADJ;Russian;;;;;;;;;;;;;x,,,,,,,,
MSC_presidential_dictatorship;Grand Federation of Rus;;;;;;;;;;;;;x,,,,,,,, 
MSC_presidential_dictatorship_ADJ;Russian;;;;;;;;;;;;;x,,,,,,,, 
MSC_proletarian_dictatorship;The Russian SSR;;;;;;;;;;;;;x,,,,,,,,
MSC_proletarian_dictatorship_ADJ;Russian;;;;;;;;;;;;;x,,,,,,,,
MSC_socialist_republic;Russian People's Republic;;;;;;;;;;;;;x,,,,,,,,
MSC_socialist_republic_ADJ;Russian;;;;;;;;;;;;;x,,,,,,,,
MSC_fascist_dictatorship;The Great Rus;;;;;;;;;;;;;x,,,,,,,,
MSC_fascist_dictatorship_ADJ;Velikorussian;;;;;;;;;;;;;x,,,,,,,,
MSC_fascist_monarchy;The Tsardom of Rus;;;;;;;;;;;;;x,,,,,,,,
MSC_fascist_monarchy_ADJ;Russian;;;;;;;;;;;;;x,,,,,,,,
MSC_theocracy;The Russian Patriarchate;;;;;;;;;;;;;x,,,,,,,,
MSC_merchant_republic;The Russian Union;;;;;;;;;;;;;x,,,,,,,,
MSC_merchant_republic_ADJ;Russian;;;;;;;;;;;;;x,,,,,,,,
;;;;;;;;;;;;;x,,,,,,,,
NOV;Novgorod the Great;;;;;;;;;;;;;x,,,,,,,,
NOV_ADJ;Novgorodian;;;;;;;;;;;;;x,,,,,,,,
NOV_absolute_monarchy;Novgorod;;;;;;;;;;;;;x,,,,,,,,
NOV_prussian_constitutionalism;Novgorod;;;;;;;;;;;;;x,,,,,,,,
NOV_hms_government;Novgorod;;;;;;;;;;;;;x,,,,,,,,
NOV_democracy;Novgorodian Republic;;;;;;;;;;;;;x,,,,,,,,
NOV_parliamentary_republic;Novgorodian Republic;;;;;;;;;;;;;x,,,,,,,,
NOV_presidential_dictatorship;Novgorodian Federation;;;;;;;;;;;;;x,,,,,,,, 
NOV_bourgeois_dictatorship;Novgorodian Federation;;;;;;;;;;;;;x,,,,,,,,
NOV_proletarian_dictatorship;North Russia Labour Council;;;;;;;;;;;;;x,,,,,,,,
NOV_proletarian_dictatorship_ADJ;North Russian;;;;;;;;;;;;;x,,,,,,,,
NOV_socialist_republic;Novgorodian Republic;;;;;;;;;;;;;x,,,,,,,,
NOV_fascist_dictatorship;Novgorodian Rus;;;;;;;;;;;;;x,,,,,,,,
NOV_fascist_monarchy;Novgorodian Rus;;;;;;;;;;;;;x,,,,,,,,
NOV_theocracy;The Novgorod Metropolitanate;;;;;;;;;;;;;x,,,,,,,,
NOV_merchant_republic;Lord Novgorod the Great;;;;;;;;;;;;;x,,,,,,,,
;;;;;;;;;;;;;x,,,,,,,,
PSV;Pskov;;;;;;;;;;;;;x,,,,,,,,
PSV_ADJ;Pskovian;;;;;;;;;;;;;x,,,,,,,,
PSV_democracy;The Pskovian Republic;;;;;;;;;;;;;x,,,,,,,,
PSV_parliamentary_republic;The Pskovian Republic;;;;;;;;;;;;;x,,,,,,,,
PSV_proletarian_dictatorship;The Pskov Soviet;;;;;;;;;;;;;x,,,,,,,,
PSV_fascist_dictatorship;Plescovia;;;;;;;;;;;;x,,,,,,,,
PSV_fascist_dictatorship_ADJ;Plescovian;;;;;;;;;;;;;x,,,,,,,,
PSV_merchant_republic;The Pskovian Republic;;;;;;;;;;;;;x,,,,,,,,
;;;;;;;;;;;;;x,,,,,,,,
BLO;Vologda;;;;;;;;;;;;;x,,,,,,,,
BLO_ADJ;Vologdan;;;;;;;;;;;;;x,,,,,,,,
BLO_absolute_monarchy;Beloozero;;;;;;;;;;;;;x,,,,,,,,
BLO_absolute_monarchy_ADJ;Beloozerian;;;;;;;;;;;;;x,,,,,,,,
BLO_prussian_constitutionalism;Beloozero;;;;;;;;;;;;;x,,,,,,,,
BLO_prussian_constitutionalism_ADJ;Beloozerian;;;;;;;;;;;;;x,,,,,,,,
BLO_hms_government;Beloozero;;;;;;;;;;;;;x,,,,,,,,
BLO_hms_government_ADJ;Beloozerian;;;;;;;;;;;;;x,,,,,,,,
BLO_democracy;The Vologdan Republic;;;;;;;;;;;;;x,,,,,,,,
BLO_parliamentary_republic;The Vologdan Republic;;;;;;;;;;;;;x,,,,,,,,
BLO_proletarian_dictatorship;The Vologda Soviet;;;;;;;;;;;;;x,,,,,,,,
BLO_fascist_dictatorship;Valdaica;;;;;;;;;;;;;x,,,,,,,,
BLO_fascist_dictatorship_ADJ;Valdai;;;;;;;;;;;;;x,,,,,,,,
BLO_merchant_republic;The Vologdan Republic;;;;;;;;;;;;;x,,,,,,,,
;;;;;;;;;;;;;x,,,,,,,,
UGG;Kostroma;;;;;;;;;;;;;x,,,,,,,,
UGG_ADJ;Kostroman;;;;;;;;;;;;;x,,,,,,,,
UGG_absolute_monarchy;Galich;;;;;;;;;;;;;x,,,,,,,,
UGG_absolute_monarchy_ADJ;Galichian;;;;;;;;;;;;;x,,,,,,,,
UGG_prussian_constitutionalism;Galich;;;;;;;;;;;;;x,,,,,,,,
UGG_prussian_constitutionalism_ADJ;Galichian;;;;;;;;;;;;;x,,,,,,,,
UGG_hms_government;Galich;;;;;;;;;;;;;x,,,,,,,,
UGG_hms_government_ADJ;Galichian;;;;;;;;;;;;;x,,,,,,,,
UGG_democracy;The Kostroman Republic;;;;;;;;;;;;;x,,,,,,,,
UGG_parliamentary_republic;The Kostroman Republic;;;;;;;;;;;;;x,,,,,,,,
UGG_proletarian_dictatorship;The Kostroma Soviet;;;;;;;;;;;;;x,,,,,,,,
UGG_fascist_dictatorship;Merenia;;;;;;;;;;;;;x,,,,,,,,
UGG_fascist_dictatorship_ADJ;Meryan;;;;;;;;;;;;;x,,,,,,,,
UGG_merchant_republic;The Kostroman Republic;;;;;;;;;;;;;x,,,,,,,,
;;;;;;;;;;;;;x,,,,,,,,
VYA;Vyatka;;;;;;;;;;;;;x,,,,,,,,
VYA_ADJ;Vyatkan;;;;;;;;;;;;;x,,,,,,,,
VYA_absolute_monarchy;Vyatka;;;;;;;;;;;;;x,,,,,,,,
VYA_prussian_constitutionalism Principality;;;;;;;;;;;;;x,,,,,,,,
VYA_hms_government;Vyatka;;;;;;;;;;;;;x,,,,,,,,
VYA_democracy;The Vyatkan Republic;;;;;;;;;;;;x,,,,,,,,
VYA_parliamentary_republic;The Vyatkan Republic;;;;;;;;;;;;;x,,,,,,,,
VYA_proletarian_dictatorship;The Dravertsk Soviet;;;;;;;;;;;;;x,,,,,,,,
VYA_proletarian_dictatorship_ADJ;Dravertskian;;;;;;;;;;;;;x,,,,,,,,
VYA_fascist_dictatorship;Khlynov;;;;;;;;;;;;;x,,,,,,,,
VYA_fascist_dictatorship_ADJ;Khlynovian;;;;;;;;;;;;;x,,,,,,,,
VYA_merchant_republic;The Vyatkan Republic;;;;;;;;;;;;;x,,,,,,,,
;;;;;;;;;;;;;x,,,,,,,,
PRM;Yugra;;;;;;;;;;;;;x,,,,,,,,
PRM_ADJ;Yugrian;;;;;;;;;;;;;x,,,,,,,,
PRM_absolute_monarchy;Perm;;;;;;;;;;;;;x,,,,,,,,
PRM_absolute_monarchy_ADJ;Permian;;;;;;;;;;;;;x,,,,,,,,
PRM_prussian_constitutionalism;Perm;;;;;;;;;;;;;x,,,,,,,,
PRM_prussian_constitutionalism_ADJ;Permian;;;;;;;;;;;;;x,,,,,,,,
PRM_hms_government;Perm;;;;;;;;;;;;;x,,,,,,,,
PRM_hms_government_ADJ;Permian;;;;;;;;;;;;;x,,,,,,,,
PRM_democracy;The Yugrian Confederation;;;;;;;;;;;;;x,,,,,,,,
PRM_parliamentary_republic;The Transuralic Republic;;;;;;;;;;;;;x,,,,,,,,
PRM_parliamentary_republic_ADJ;Transuralic;;;;;;;;;;;;;x,,,,,,,,
PRM_proletarian_dictatorship;The Transuralic Union;;;;;;;;;;;;;x,,,,,,,,
PRM_proletarian_dictatorship_ADJ;Transuralic;;;;;;;;;;;;;x,,,,,,,,
PRM_socialist_republic;Transuralic Republic;;;;;;;;;;;;;x,,,,,,,,
PRM_socialist_republic_ADJ;Transuralic;;;;;;;;;;;;;x,,,,,,,,
PRM_fascist_dictatorship;Edinovertsy;;;;;;;;;;;;;x,,,,,,,,
PRM_fascist_dictatorship_ADJ;Edinovertsy;;;;;;;;;;;;;x,,,,,,,,
PRM_fascist_monarchy;The Riphean Commonwealth;;;;;;;;;;;;;x,,,,,,,,
PRM_fascist_monarchy_ADJ;Riphean;;;;;;;;;;;;;x,,,,,,,,
PRM_merchant_republic;The Yugrian Confederation;;;;;;;;;;;;;x,,,,,,,,
;;;;;;;;;;;;;x,,,,,,,,
### Volgaic Tags;;;;;;;;;;;;;x,,,,,,,,
MAR;Marelia;;;;;;;;;;;;;x,,,,,,,,
MAR_ADJ;Mari;;;;;;;;;;;;;x,,,,,,,,
MAR_absolute_monarchy;Cheremisa Principality;;;;;;;;;;;;;x,,,,,,,,
MAR_absolute_monarchy_ADJ;Cheremis;;;;;;;;;;;;;x,,,,,,,,
MAR_prussian_constitutionalism;Cheremisa Principality;;;;;;;;;;;;;x,,,,,,,,
MAR_prussian_constitutionalism_ADJ;Cheremis;;;;;;;;;;;;;x,,,,,,,,
MAR_hms_government;Cheremisa Principality;;;;;;;;;;;;;x,,,,,,,,
MAR_hms_government_ADJ;Cheremis;;;;;;;;;;;;;x,,,,,,,,
MAR_democracy;Mari El;;;;;;;;;;;;;x,,,,,,,,
MAR_parliamentary_republic;The Mari Republic;;;;;;;;;;;;;x,,,,,,,,
MAR_proletarian_dictatorship;The Mari People's Republic;;;;;;;;;;;;;x,,,,,,,,
MAR_socialist_republic;The Mari Federation;;;;;;;;;;;;;x,,,,,,,,
MAR_fascist_dictatorship;Cheremisa;;;;;;;;;;;;;x,,,,,,,,
MAR_fascist_dictatorship_ADJ;Cheremis;;;;;;;;;;;;;x,,,,,,,,
MAR_fascist_monarchy;Cheremisa Principality;;;;;;;;;;;;;x,,,,,,,,
MAR_fascist_monarchy_ADJ;Cheremis;;;;;;;;;;;;;x,,,,,,,,
MAR_feudal_monarchy;Cheremisa Principality;;;;;;;;;;;;;x,,,,,,,,
MAR_feudal_monarchy_ADJ;Cheremis;;;;;;;;;;;;;x,,,,,,,,
;;;;;;;;;;;;;x,,,,,,,,
RUS;Russia;;;;;;;;;;;;;x,,,,,,,,
RUS_ADJ;Russian;;;;;;;;;;;;;x,,,,,,,,
RUS_absolute_monarchy;The Russian Empire;;;;;;;;;;;;;x,,,,,,,,
RUS_prussian_constitutionalism;The Russian Empire;;;;;;;;;;;;;x,,,,,,,,
RUS_hms_government;The Russian Empire;;;;;;;;;;;;;x,,,,,,,,
RUS_democracy;The Russian Republic;;;;;;;;;;;;;x,,,,,,,,
RUS_parliamentary_republic;The Russian Republic;;;;;;;;;;;;;x,,,,,,,,
RUS_presidential_dictatorship;The Russian Federation;;;;;;;;;;;;;x,,,,,,,, 
RUS_proletarian_dictatorship;The Soviet Federation;;;;;;;;;;;;;x,,,,,,,,
RUS_socialist_republic;Russian Socialist Republic;;;;;;;;;;;;;x,,,,,,,,
RUS_fascist_dictatorship;The Holy Russian Empire;;;;;;;;;;;;;x,,,,,,,,
RUS_fascist_dictatorship_ADJ;Russian;;;;;;;;;;;;;x,,,,,,,,
RUS_fascist_monarchy;The Russian Empire;;;;;;;;;;;;;x,,,,,,,,
RUS_theocracy;The Patriarchate;;;;;;;;;;;;;x,,,,,,,,
RUS_theocracy_ADJ;Patriarchal;;;;;;;;;;;;;x,,,,,,,,
RUS_merchant_republic;The Russian Union;;;;;;;;;;;;;x,,,,,,,,
;;;;;;;;;;;;;x,,,,,,,,
QOL;Qullaw;;;;;;;;;;;;;;;;;;;;
QOL_ADJ;Qulla;;;;;;;;;;;;;;;;;;;;
QOL_feudal_monarchy;Qullasuyu;;;;;;;;;;;;;;;;;;;;
QOL_republic;Qullaw Confederation;;;;;;;;;;;;;;;;;;;; 
ARU;Wallmapu;Mapuche;Mapuche;;;;;;;;;;;;;;x;;;;;;;;
ARU_absolute_monarchy;Kingdom of Araucania;;;;;;;;;;;;;;x;;;;;;;;;;
ARU_absolute_monarchy_ADJ;Araucanian;;;;;;;;;;;;;;x;;;;;;;;;;
ARU_ADJ;Mapuche;Mapuche;Mapuche;;;;;;;;;;;;;;x;;;;;;;;
ARU_autonomous_dependency;Chiri;;;;;;;;;;;;;;x;;;;;;;;;;
ARU_hms_government;Kingdom of Araucania;;;;;;;;;;;;;;x;;;;;;;;;;
ARU_hms_government_ADJ;Araucanian;;;;;;;;;;;;;;x;;;;;;;;;;
ARU_prussian_constitutionalism;Kingdom of Araucania;;;;;;;;;;;;;;x;;;;;;;;;;
ARU_prussian_constitutionalism_ADJ;Araucanian;;;;;;;;;;;;;;x;;;;;;;;;;
### Parties;;;;;;;;;;;;;x,,,,,,,,
CSK_reactionary_1;Partiya Kazachikh Sosloviy;;;;;;;;;;;;;
CSK_reactionary_2;Kazatskiy Natsionalnyi Soyuz;;;;;;;;;;;;;
CSK_conservative;Partiya Umerenno-Pravykh;;;;;;;;;;;;;
CSK_fascist;Kazatskoye Sobraniye;;;;;;;;;;;;;
CSK_liberal;Torgovyi Soyuz;;;;;;;;;;;;;
CSK_anarcho_liberal;Kazatskaya Volnaya Gromada;;;;;;;;;;;;;
CSK_social_liberal;Partiya Mirnogo Obnovleniya;;;;;;;;;;;;;
CSK_market_liberal;Krystyanska Suspilna Partia;;;;;;;;;;;;;
CSK_socialist;Partiya Khleborobov;;;;;;;;;;;;;
CSK_communist;Partiya Kazakov-Rabochikh;;;;;;;;;;;;;
CSK_paternal_1;Hetmanske Kolo;;;;;;;;;;;;;
CSK_paternal_2;Chorna Rada;;;;;;;;;;;;;
MOS_conservative_1;Sobornaya Liga;;;;;;;;;;;;;
MOS_conservative_2;Ortodoksalnyy Demokraticheskiy Soyuz;;;;;;;;;;;;;
MOS_fascist;Dvizheniye Zemlia i Volia;;;;;;;;;;;;;
MOS_liberal_1;Russkiy Natsionalisticheskiy Blok;;;;;;;;;;;;;
MOS_liberal_2;Partiya Volnykh Liberalov;;;;;;;;;;;;;
MOS_anarcho_liberal;Dvizheniye Narodnykh Svobod;;;;;;;;;;;;;
MOS_social_liberal;Partiya Mirnogo Obnovleniya;;;;;;;;;;;;;
MOS_socialist;Promethey - Umerennye;;;;;;;;;;;;;
MOS_communist;Promethey - Radicaly;;;;;;;;;;;;;
MOS_market_liberal;Dvizheniye Spravedlivost;;;;;;;;;;;;;
MOS_paternal_1;Boyare;;;;;;;;;;;;;
MOS_paternal_2;Soyuz Arkhangela Mikhaila;;;;;;;;;;;;;
NOV_reactionary;Muzhy Gospodni;;;;;;;;;;;;;
NOV_conservative_1;Liga Torgovtsev;;;;;;;;;;;;;
NOV_conservative_2;Partiya Umerenno-Pravykh;;;;;;;;;;;;;
NOV_fascist;Svoezemniki;;;;;;;;;;;;;
NOV_liberal;Obschestvo Ioanna Predtechi;;;;;;;;;;;;;
NOV_anarcho_liberal;Partiya Ganzeyskikh Svobod;;;;;;;;;;;;;
NOV_social_liberal;Partiya Cherni - Liberaly;;;;;;;;;;;;;
NOV_socialist;Partiya Cherni - Sotsialisty;;;;;;;;;;;;;
NOV_communist;Novgorodskiy Rabochiy Soyuz;;;;;;;;;;;;;
NOV_market_liberal;Partiya Svobodnykh Demokratov;;;;;;;;;;;;;
NOV_paternal_1;Narodnoye Veche;;;;;;;;;;;;;
NOV_paternal_2;Soyuz Prikhodov;;;;;;;;;;;;;
### Cultures;;;;;;;;;;;;;x,,,,,,,,
diaguita;Collaw;;;;;;;;;;;;;;x;;;;;;;;;;
het;Het;;;;;;;;;;;;;;x;;;;;;;;;;
andean;Andean;;;;;;;;;;;;;;x;;;;;;;;;;
north_russian;Novgorodian;;;;;;;;;;;;;;x;;;;;;;;;;
cossack;Cossack;;;;;;;;;;;;;;x;;;;;;;;;;
galician;Galician;;;;;;;;;;;;;;x;;;;;;;;;;
## Doni stuff;;;x,,,,,,,,
CHL;Santiago;;;;;x,,,
CHL_ADJ;Santiaguino;;;;x,,,